epoch,acc,dice_coef,loss,lr,val_acc,val_dice_coef,val_loss
0,0.273200539689,0.239005862352,8.1395371755,0.01,0.0520278339585,0.0635533720693,8.55450613358
