epoch,acc,dice_coef,loss,lr,val_acc,val_dice_coef,val_loss
0,0.408685456925,0.32365033403,7.74694659663,0.01,0.270396511344,0.251987710303,6.89297401204
1,0.5754691526,0.474471867085,5.24386515804,0.01,0.190038044079,0.18665911228,4.88741886849
