epoch,acc,dice_coef,loss,lr,val_acc,val_dice_coef,val_loss
0,0.321964716911,0.234804821014,80.3024691264,0.01,0.51480537653,0.514953672886,7.63559579849
1,0.419541625182,0.352487003803,55.0511909485,0.01,0.0922953262925,0.0922954902053,14.6832933426
2,0.362858486176,0.371921227376,49.2164805094,0.01,0.149627685547,0.149412408471,13.7267560959
